{
  "src\\app\\account-closed\\page.tsx": 1776338030.193585,
  "src\\app\\admin\\layout.tsx": 1776337936.8721075,
  "src\\app\\admin\\agreements\\AdminAgreementsClient.tsx": 1776338222.9860668,
  "src\\app\\admin\\agreements\\page.tsx": 1776338186.4681387,
  "src\\app\\admin\\agreements\\[id]\\AgreementDetailClient.tsx": 1776338263.3627374,
  "src\\app\\admin\\agreements\\[id]\\page.tsx": 1776338232.839995,
  "src\\app\\admin\\creators\\applications\\page.tsx": 1776338292.287875,
  "src\\app\\admin\\creators\\applications\\[id]\\ApplicationReviewClient.tsx": 1776338358.2143314,
  "src\\app\\admin\\creators\\applications\\[id]\\page.tsx": 1776338305.0388162,
  "src\\app\\api\\admin\\agreements\\route.ts": 1776338183.0551338,
  "src\\app\\api\\admin\\agreements\\[id]\\route.ts": 1776338192.2406073,
  "src\\app\\api\\admin\\applications\\route.ts": 1776338198.1014402,
  "src\\app\\api\\admin\\applications\\[id]\\route.ts": 1776338229.7869673,
  "src\\app\\api\\agreements\\check\\route.ts": 1776337966.5879827,
  "src\\app\\api\\agreements\\sign\\route.ts": 1776338599.2480688,
  "src\\app\\api\\creator\\apply\\route.ts": 1776338293.359421,
  "src\\app\\api\\creator\\check-username\\route.ts": 1776338301.3699064,
  "src\\app\\api\\creator\\close-account\\route.ts": 1776338365.202029,
  "src\\app\\api\\cron\\agreement-enforcement\\route.ts": 1776338271.1849737,
  "src\\app\\dashboard\\layout.tsx": 1776337914.9012027,
  "src\\app\\dashboard\\close-account\\CloseAccountClient.tsx": 1776338342.9220686,
  "src\\app\\dashboard\\close-account\\page.tsx": 1776338302.7992256,
  "src\\app\\start-selling\\page.tsx": 1776337871.0122242,
  "src\\app\\start-selling\\StartSellingClient.tsx": 1776338004.111848,
  "src\\app\\start-selling\\status\\page.tsx": 1776338019.8229718,
  "src\\app\\suspended\\page.tsx": 1776338024.7112913,
  "src\\components\\layout\\SecondaryNavClient.tsx": 1776338007.2294586,
  "src\\components\\ui\\AgreementViewer.tsx": 1776338287.160032,
  "src\\components\\ui\\AgreementWall.tsx": 1776338274.9683404,
  "src\\generated\\prisma\\browser.ts": 1776338476.0262077,
  "src\\generated\\prisma\\client.ts": 1776338476.0262077,
  "src\\generated\\prisma\\commonInputTypes.ts": 1776338476.0252054,
  "src\\generated\\prisma\\enums.ts": 1776338476.0252054,
  "src\\generated\\prisma\\models.ts": 1776338476.0252054,
  "src\\generated\\prisma\\internal\\class.ts": 1776338476.0544155,
  "src\\generated\\prisma\\internal\\prismaNamespace.ts": 1776338476.0544155,
  "src\\generated\\prisma\\internal\\prismaNamespaceBrowser.ts": 1776338476.0544155,
  "src\\generated\\prisma\\models\\AgreementTemplate.ts": 1776338476.0544155,
  "src\\generated\\prisma\\models\\Announcement.ts": 1776338476.0524077,
  "src\\generated\\prisma\\models\\BuyerTag.ts": 1776338476.0524077,
  "src\\generated\\prisma\\models\\CartItem.ts": 1776338476.0534165,
  "src\\generated\\prisma\\models\\Conversation.ts": 1776338476.0524077,
  "src\\generated\\prisma\\models\\CreatorAgreement.ts": 1776338476.0544155,
  "src\\generated\\prisma\\models\\CreatorApplication.ts": 1776338476.0544155,
  "src\\generated\\prisma\\models\\CreatorFollow.ts": 1776338476.0534165,
  "src\\generated\\prisma\\models\\CreatorPodProvider.ts": 1776338476.0518506,
  "src\\generated\\prisma\\models\\CreatorProfile.ts": 1776338476.051294,
  "src\\generated\\prisma\\models\\Dispute.ts": 1776338476.0518506,
  "src\\generated\\prisma\\models\\EscrowTransaction.ts": 1776338476.0518506,
  "src\\generated\\prisma\\models\\Invoice.ts": 1776338476.0518506,
  "src\\generated\\prisma\\models\\Media.ts": 1776338476.0524077,
  "src\\generated\\prisma\\models\\Message.ts": 1776338476.0524077,
  "src\\generated\\prisma\\models\\NavItem.ts": 1776338476.0534165,
  "src\\generated\\prisma\\models\\Notification.ts": 1776338476.0518506,
  "src\\generated\\prisma\\models\\Order.ts": 1776338476.051294,
  "src\\generated\\prisma\\models\\Page.ts": 1776338476.0524077,
  "src\\generated\\prisma\\models\\Payout.ts": 1776338476.0518506,
  "src\\generated\\prisma\\models\\PlatformSettings.ts": 1776338476.0534165,
  "src\\generated\\prisma\\models\\PopupAd.ts": 1776338476.0534165,
  "src\\generated\\prisma\\models\\Post.ts": 1776338476.0524077,
  "src\\generated\\prisma\\models\\Product.ts": 1776338476.051294,
  "src\\generated\\prisma\\models\\Section.ts": 1776338476.0524077,
  "src\\generated\\prisma\\models\\StoragePricingConfig.ts": 1776338476.0544155,
  "src\\generated\\prisma\\models\\StoragePurchase.ts": 1776338476.0544155,
  "src\\generated\\prisma\\models\\SupportGift.ts": 1776338476.0524077,
  "src\\generated\\prisma\\models\\SupportGoal.ts": 1776338476.0524077,
  "src\\generated\\prisma\\models\\SupportTier.ts": 1776338476.0524077,
  "src\\generated\\prisma\\models\\SupportTransaction.ts": 1776338476.0534165,
  "src\\generated\\prisma\\models\\Transaction.ts": 1776338476.0518506,
  "src\\generated\\prisma\\models\\User.ts": 1776338476.0518506,
  "src\\generated\\prisma\\models\\Video.ts": 1776338476.0524077,
  "src\\generated\\prisma\\models\\WishlistItem.ts": 1776338476.0534165,
  "src\\lib\\agreement-enforcement.ts": 1776338392.5513918
}